{
  "best_epoch": 62.0,
  "best_val_loss": 0.2105773538351059,
  "num_samples": 3000.0,
  "num_test": 450.0,
  "num_train": 2100.0,
  "num_val": 450.0,
  "test_always_svd_rate": 25.61760513941371,
  "test_always_ucd_rate": 25.941479283967862,
  "test_grid_decision_accuracy": 0.9297535858771607,
  "test_oracle_rate": 26.80682867302757,
  "test_regret_to_oracle": 0.033394153815740846,
  "test_selected_rate": 26.77343451921183,
  "test_threshold_mae_db": 1.0721580982208252,
  "test_threshold_rmse_db": 2.300973892211914,
  "train_always_svd_rate": 25.77845636884085,
  "train_always_ucd_rate": 26.09687276101608,
  "train_grid_decision_accuracy": 0.9383645320197044,
  "train_oracle_rate": 26.96033893020287,
  "train_regret_to_oracle": 0.02796312522151716,
  "train_selected_rate": 26.932375804981355,
  "train_threshold_mae_db": 0.9322329163551331,
  "train_threshold_rmse_db": 2.050837755203247
}