{
  "best_epoch": 1.0,
  "best_val_loss": 0.21045005321502686,
  "num_samples": 6.0,
  "num_test": 1.0,
  "num_train": 4.0,
  "num_val": 1.0,
  "test_always_svd_rate": 2.5980558139660137,
  "test_always_ucd_rate": 0.4592000294057866,
  "test_grid_decision_accuracy": 1.0,
  "test_oracle_rate": 2.5980558139660137,
  "test_regret_to_oracle": 0.0,
  "test_selected_rate": 2.5980558139660137,
  "test_threshold_mae_db": 0.5047507286071777,
  "test_threshold_rmse_db": 0.5047507286071777,
  "train_always_svd_rate": 1.2360348363222629,
  "train_always_ucd_rate": 0.8092809502640935,
  "train_grid_decision_accuracy": 0.9166666666666666,
  "train_oracle_rate": 1.2428905946241773,
  "train_regret_to_oracle": 0.0068557583019144275,
  "train_selected_rate": 1.2360348363222629,
  "train_threshold_mae_db": 1.4155428409576416,
  "train_threshold_rmse_db": 1.759555697441101
}