{
  "best_epoch": 1.0,
  "best_val_loss": 1.7149807685079566e-09,
  "num_samples": 3.0,
  "num_test": 3.0,
  "num_train": 3.0,
  "num_val": 3.0,
  "test_always_svd_rate": 5.374305561693019,
  "test_always_ucd_rate": 3.3786407916981624,
  "test_grid_decision_accuracy": 1.0,
  "test_oracle_rate": 5.374305561693019,
  "test_regret_to_oracle": 0.0,
  "test_selected_rate": 5.374305561693019,
  "test_threshold_mae_db": 0.0,
  "test_threshold_rmse_db": 0.0,
  "train_always_svd_rate": 5.374305561693019,
  "train_always_ucd_rate": 3.3786407916981624,
  "train_grid_decision_accuracy": 1.0,
  "train_oracle_rate": 5.374305561693019,
  "train_regret_to_oracle": 0.0,
  "train_selected_rate": 5.374305561693019,
  "train_threshold_mae_db": 0.0,
  "train_threshold_rmse_db": 0.0
}