channel_index,snr_db,svd_rate,ucd_rate,delta_rate
0,0,1.702667,0.29040431,-1.4122627
0,5,6.0511828,3.8830668,-2.168116
0,10,14.091668,11.867863,-2.2238045
1,0,1.3054037,0.5066164,-0.79878727
1,5,5.3882503,3.3409824,-2.0472679
1,10,13.132696,9.0285951,-4.1041006
2,0,0.20752315,0.018475708,-0.18904744
2,5,1.7964159,0.24322656,-1.5531893
2,10,4.6929438,1.2285365,-3.4644073
