{
  "best_epoch": 1.0,
  "best_val_loss": 0.9192584156990051,
  "num_samples": 6.0,
  "num_test": 1.0,
  "num_train": 4.0,
  "num_val": 1.0,
  "test_always_svd_rate": 5.403119829004239,
  "test_always_ucd_rate": 3.017972086345088,
  "test_grid_decision_accuracy": 0.7272727272727273,
  "test_oracle_rate": 5.403119829004239,
  "test_regret_to_oracle": 0.4566794195029853,
  "test_selected_rate": 4.946440409501253,
  "test_threshold_mae_db": 3.874084949493408,
  "test_threshold_rmse_db": 3.874084949493408,
  "train_always_svd_rate": NaN,
  "train_always_ucd_rate": NaN,
  "train_grid_decision_accuracy": 0.7272727272727273,
  "train_oracle_rate": NaN,
  "train_regret_to_oracle": NaN,
  "train_selected_rate": NaN,
  "train_threshold_mae_db": 3.4221115112304688,
  "train_threshold_rmse_db": 4.203403949737549
}