{
  "best_epoch": 39.0,
  "best_val_loss": 0.23802271485328674,
  "config_id": 1.0,
  "num_samples": 1000.0,
  "num_test": 150.0,
  "num_train": 700.0,
  "num_val": 150.0,
  "test_always_svd_rate": 28.33748684857935,
  "test_always_ucd_rate": 28.72120047775708,
  "test_grid_decision_accuracy": 0.9453340695748206,
  "test_oracle_rate": 29.525595095964256,
  "test_regret_to_oracle": 0.027076177470207657,
  "test_selected_rate": 29.498518918494042,
  "test_threshold_mae_db": 0.7896638512611389,
  "test_threshold_rmse_db": 1.6739966869354248,
  "train_always_svd_rate": 28.250024265581896,
  "train_always_ucd_rate": 28.635625547600675,
  "train_grid_decision_accuracy": 0.941782037628683,
  "train_oracle_rate": 29.406549215804443,
  "train_regret_to_oracle": 0.031002696518253627,
  "train_selected_rate": 29.375546519286186,
  "train_threshold_mae_db": 0.766288697719574,
  "train_threshold_rmse_db": 1.4764292240142822
}