{
  "best_epoch": 100.0,
  "best_val_loss": 0.4501466453075409,
  "config_id": 2.0,
  "num_samples": 1000.0,
  "num_test": 150.0,
  "num_train": 700.0,
  "num_val": 150.0,
  "test_always_svd_rate": 25.08681024055901,
  "test_always_ucd_rate": 25.26265535359622,
  "test_grid_decision_accuracy": 0.9019283746556473,
  "test_oracle_rate": 25.67855520997482,
  "test_regret_to_oracle": 0.03350790603659661,
  "test_selected_rate": 25.645047303938224,
  "test_threshold_mae_db": 1.668224573135376,
  "test_threshold_rmse_db": 3.096177339553833,
  "train_always_svd_rate": 25.27094628926294,
  "train_always_ucd_rate": 25.47143276975924,
  "train_grid_decision_accuracy": 0.915242249204291,
  "train_oracle_rate": 25.89108506185082,
  "train_regret_to_oracle": 0.02513140440688651,
  "train_selected_rate": 25.86595365744393,
  "train_threshold_mae_db": 1.3132119178771973,
  "train_threshold_rmse_db": 2.8262243270874023
}