{
  "best_epoch": 92.0,
  "best_val_loss": 0.12388572841882706,
  "config_id": 0.0,
  "num_samples": 1000.0,
  "num_test": 150.0,
  "num_train": 700.0,
  "num_val": 150.0,
  "test_always_svd_rate": 23.718342226042445,
  "test_always_ucd_rate": 24.056553868618842,
  "test_grid_decision_accuracy": 0.9535655058043118,
  "test_oracle_rate": 25.562646083014698,
  "test_regret_to_oracle": 0.031206574606308563,
  "test_selected_rate": 25.53143950840839,
  "test_threshold_mae_db": 0.556243896484375,
  "test_threshold_rmse_db": 0.6943142414093018,
  "train_always_svd_rate": 23.926008328549884,
  "train_always_ucd_rate": 24.320065865801904,
  "train_grid_decision_accuracy": 0.952765250415381,
  "train_oracle_rate": 25.697036789136998,
  "train_regret_to_oracle": 0.031474838781214265,
  "train_selected_rate": 25.665561950355787,
  "train_threshold_mae_db": 0.5392689108848572,
  "train_threshold_rmse_db": 0.6884311437606812
}