{
  "config_0": {
    "best_epoch": 92.0,
    "best_val_loss": 0.12388572841882706,
    "config_id": 0.0,
    "num_samples": 1000.0,
    "num_test": 150.0,
    "num_train": 700.0,
    "num_val": 150.0,
    "test_always_svd_rate": 23.718342226042445,
    "test_always_ucd_rate": 24.056553868618842,
    "test_grid_decision_accuracy": 0.9535655058043118,
    "test_oracle_rate": 25.562646083014698,
    "test_regret_to_oracle": 0.031206574606308563,
    "test_selected_rate": 25.53143950840839,
    "test_threshold_mae_db": 0.556243896484375,
    "test_threshold_rmse_db": 0.6943142414093018,
    "train_always_svd_rate": 23.926008328549884,
    "train_always_ucd_rate": 24.320065865801904,
    "train_grid_decision_accuracy": 0.952765250415381,
    "train_oracle_rate": 25.697036789136998,
    "train_regret_to_oracle": 0.031474838781214265,
    "train_selected_rate": 25.665561950355787,
    "train_threshold_mae_db": 0.5392689108848572,
    "train_threshold_rmse_db": 0.6884311437606812
  },
  "config_1": {
    "best_epoch": 39.0,
    "best_val_loss": 0.23802271485328674,
    "config_id": 1.0,
    "num_samples": 1000.0,
    "num_test": 150.0,
    "num_train": 700.0,
    "num_val": 150.0,
    "test_always_svd_rate": 28.33748684857935,
    "test_always_ucd_rate": 28.72120047775708,
    "test_grid_decision_accuracy": 0.9453340695748206,
    "test_oracle_rate": 29.525595095964256,
    "test_regret_to_oracle": 0.027076177470207657,
    "test_selected_rate": 29.498518918494042,
    "test_threshold_mae_db": 0.7896638512611389,
    "test_threshold_rmse_db": 1.6739966869354248,
    "train_always_svd_rate": 28.250024265581896,
    "train_always_ucd_rate": 28.635625547600675,
    "train_grid_decision_accuracy": 0.941782037628683,
    "train_oracle_rate": 29.406549215804443,
    "train_regret_to_oracle": 0.031002696518253627,
    "train_selected_rate": 29.375546519286186,
    "train_threshold_mae_db": 0.766288697719574,
    "train_threshold_rmse_db": 1.4764292240142822
  },
  "config_2": {
    "best_epoch": 100.0,
    "best_val_loss": 0.4501466453075409,
    "config_id": 2.0,
    "num_samples": 1000.0,
    "num_test": 150.0,
    "num_train": 700.0,
    "num_val": 150.0,
    "test_always_svd_rate": 25.08681024055901,
    "test_always_ucd_rate": 25.26265535359622,
    "test_grid_decision_accuracy": 0.9019283746556473,
    "test_oracle_rate": 25.67855520997482,
    "test_regret_to_oracle": 0.03350790603659661,
    "test_selected_rate": 25.645047303938224,
    "test_threshold_mae_db": 1.668224573135376,
    "test_threshold_rmse_db": 3.096177339553833,
    "train_always_svd_rate": 25.27094628926294,
    "train_always_ucd_rate": 25.47143276975924,
    "train_grid_decision_accuracy": 0.915242249204291,
    "train_oracle_rate": 25.89108506185082,
    "train_regret_to_oracle": 0.02513140440688651,
    "train_selected_rate": 25.86595365744393,
    "train_threshold_mae_db": 1.3132119178771973,
    "train_threshold_rmse_db": 2.8262243270874023
  }
}