{
  "best_epoch": 53.0,
  "best_val_loss": 0.08670422434806824,
  "num_samples": 32.0,
  "num_test": 5.0,
  "num_train": 22.0,
  "num_val": 5.0,
  "test_always_svd_rate": 19.79666881028412,
  "test_always_ucd_rate": 20.03743049675441,
  "test_grid_decision_accuracy": 1.0,
  "test_oracle_rate": 22.019199767215145,
  "test_regret_to_oracle": 0.0,
  "test_selected_rate": 22.019199767215145,
  "test_threshold_mae_db": 0.7509506344795227,
  "test_threshold_rmse_db": 1.0425407886505127,
  "train_always_svd_rate": 20.295944720360126,
  "train_always_ucd_rate": 20.491945891291845,
  "train_grid_decision_accuracy": 0.987012987012987,
  "train_oracle_rate": 22.27565995869648,
  "train_regret_to_oracle": 0.009044385244202586,
  "train_selected_rate": 22.266615573452277,
  "train_threshold_mae_db": 0.5880087018013,
  "train_threshold_rmse_db": 0.7145428657531738
}