{
  "ai_gain_vs_gmd": 2.5273651165714917,
  "ai_gain_vs_svd": 1.9070296132483264,
  "ai_gain_vs_ucd": 1.6797332826571676,
  "ai_gap_to_exhaustive_svd_ucd": 0.005424589783395106,
  "always_svd_rate": 20.67392939558195,
  "always_ucd_rate": 20.90122572617311,
  "avg_ai_threshold": 22.580959008830277,
  "avg_exhaustive_svd_ucd": 22.586383598613672,
  "avg_gmd": 20.053593892258785,
  "avg_oracle_svd_ucd": 22.586383598613672,
  "avg_svd": 20.67392939558195,
  "avg_ucd": 20.90122572617311,
  "grid_decision_accuracy": 0.9874193548387097,
  "num_channels": 100,
  "oracle_rate": 22.586383598613672,
  "regret_to_oracle": 0.005424589783392028,
  "selected_rate": 22.580959008830277,
  "snr_start_db": 0.0,
  "snr_step_db": 1.0,
  "snr_stop_db": 30.0,
  "threshold_mae_db": 0.37839933395385744,
  "threshold_rmse_db": 0.46392780646786624
}