{
  "best_epoch": 1.0,
  "best_val_loss": 0.9044922590255737,
  "num_samples": 6.0,
  "num_test": 1.0,
  "num_train": 4.0,
  "num_val": 1.0,
  "test_always_svd_rate": 5.403119829004239,
  "test_always_ucd_rate": 3.017972086345088,
  "test_grid_decision_accuracy": 0.7272727272727273,
  "test_oracle_rate": 5.403119829004239,
  "test_regret_to_oracle": 0.4566794195029853,
  "test_selected_rate": 4.946440409501253,
  "test_threshold_mae_db": 3.700345993041992,
  "test_threshold_rmse_db": 3.700345993041992,
  "train_always_svd_rate": 3.444380669170249,
  "train_always_ucd_rate": 2.492059411121298,
  "train_grid_decision_accuracy": 0.7692307692307693,
  "train_oracle_rate": 3.4548099987215926,
  "train_regret_to_oracle": 0.4550360718456848,
  "train_selected_rate": 2.9997739268759083,
  "train_threshold_mae_db": 3.388092041015625,
  "train_threshold_rmse_db": 4.1413116455078125
}