{
  "best_epoch": 3.0,
  "best_val_loss": 0.8977597951889038,
  "num_samples": 10.0,
  "num_test": 2.0,
  "num_train": 7.0,
  "num_val": 1.0,
  "test_always_svd_rate": 1.4118613451986881,
  "test_always_ucd_rate": 1.476572399713108,
  "test_grid_decision_accuracy": 0.625,
  "test_oracle_rate": 1.5667265691844978,
  "test_regret_to_oracle": 0.1373854570696753,
  "test_selected_rate": 1.4293411121148225,
  "test_threshold_mae_db": 4.653555870056152,
  "test_threshold_rmse_db": 5.574064254760742,
  "train_always_svd_rate": 3.155376464293142,
  "train_always_ucd_rate": 2.638584127297659,
  "train_grid_decision_accuracy": 0.9642857142857143,
  "train_oracle_rate": 3.2230934816860355,
  "train_regret_to_oracle": 0.006575323036641973,
  "train_selected_rate": 3.216518158649394,
  "train_threshold_mae_db": 1.2425118684768677,
  "train_threshold_rmse_db": 1.3415132761001587
}