{
  "best_epoch": 54.0,
  "best_val_loss": 0.0751526802778244,
  "num_samples": 800.0,
  "num_test": 120.0,
  "num_train": 560.0,
  "num_val": 120.0,
  "test_always_svd_rate": 20.60122308116893,
  "test_always_ucd_rate": 20.829151061189183,
  "test_grid_decision_accuracy": 0.9865591397849462,
  "test_oracle_rate": 22.588963686507235,
  "test_regret_to_oracle": 0.006613257439897774,
  "test_selected_rate": 22.582350429067336,
  "test_threshold_mae_db": 0.4144578278064728,
  "test_threshold_rmse_db": 0.5071268081665039,
  "train_always_svd_rate": 20.2147056873885,
  "train_always_ucd_rate": 20.293447081527546,
  "train_grid_decision_accuracy": 0.9883064516129032,
  "train_oracle_rate": 22.06513069880697,
  "train_regret_to_oracle": 0.005824246743427303,
  "train_selected_rate": 22.059306452063538,
  "train_threshold_mae_db": 0.3497738838195801,
  "train_threshold_rmse_db": 0.4479708671569824
}