{
  "best_epoch": 82.0,
  "best_val_loss": 0.05822636652737856,
  "num_samples": 800.0,
  "num_test": 120.0,
  "num_train": 560.0,
  "num_val": 120.0,
  "test_always_svd_rate": 20.60122308116893,
  "test_always_ucd_rate": 20.829151061189183,
  "test_grid_decision_accuracy": 0.9868279569892473,
  "test_oracle_rate": 22.588963686507235,
  "test_regret_to_oracle": 0.006305016991623413,
  "test_selected_rate": 22.582658669515613,
  "test_threshold_mae_db": 0.3781997263431549,
  "test_threshold_rmse_db": 0.4659881293773651,
  "train_always_svd_rate": 20.2147056873885,
  "train_always_ucd_rate": 20.293447081527546,
  "train_grid_decision_accuracy": 0.9880184331797235,
  "train_oracle_rate": 22.06513069880697,
  "train_regret_to_oracle": 0.005794475851464972,
  "train_selected_rate": 22.0593362229555,
  "train_threshold_mae_db": 0.35152748227119446,
  "train_threshold_rmse_db": 0.44565054774284363
}