{
  "best_epoch": 20.0,
  "best_val_loss": 0.009485895745456219,
  "num_samples": 8.0,
  "num_test": 1.0,
  "num_train": 6.0,
  "num_val": 1.0,
  "test_always_svd_rate": 22.23325467388017,
  "test_always_ucd_rate": 23.073659210830215,
  "test_grid_decision_accuracy": 1.0,
  "test_oracle_rate": 24.55842484039638,
  "test_regret_to_oracle": 0.0,
  "test_selected_rate": 24.55842484039638,
  "test_threshold_mae_db": 0.2541179656982422,
  "test_threshold_rmse_db": 0.2541179656982422,
  "train_always_svd_rate": 19.541463538096725,
  "train_always_ucd_rate": 19.49893246411087,
  "train_grid_decision_accuracy": 1.0,
  "train_oracle_rate": 21.5710261539075,
  "train_regret_to_oracle": 0.0,
  "train_selected_rate": 21.5710261539075,
  "train_threshold_mae_db": 1.211809515953064,
  "train_threshold_rmse_db": 1.41907799243927
}