channel_index,threshold_true_db,threshold_pred_db,split
0,16.713053,18.617472,train
1,19.291161,19.433626,train
2,24.269978,22.015902,train
3,18.741549,18.995667,test
4,21.706581,21.23494,train
5,17.749578,19.075005,train
6,20.255306,20.478966,val
7,22.194487,21.021658,train
