channel_index,snr_db,svd_rate,ucd_rate,delta_rate
0,0,1.7375447,1.4225248,-0.31501995
0,1,2.3915499,2.0174975,-0.3740524
0,2,3.1129866,2.5119776,-0.60100903
1,0,1.9145546,0,-1.9145546
1,1,2.5103845,0,-2.5103845
1,2,3.1393314,0.087524604,-3.0518068
2,0,0,0,0
2,1,0.021139975,0.0020930367,-0.019046938
2,2,0.050955835,0,-0.050955835
3,0,0.92861497,0.46020659,-0.46840838
3,1,1.3640479,0.58413393,-0.77991393
3,2,1.8896256,0.87390676,-1.0157188
