{
  "best_epoch": 3.0,
  "best_val_loss": 0.11337526142597198,
  "num_samples": 8.0,
  "num_test": 1.0,
  "num_train": 6.0,
  "num_val": 1.0,
  "test_always_svd_rate": 5.195368189865621,
  "test_always_ucd_rate": 3.267908434588941,
  "test_grid_decision_accuracy": 1.0,
  "test_oracle_rate": 5.195368189865621,
  "test_regret_to_oracle": 0.0,
  "test_selected_rate": 5.195368189865621,
  "test_threshold_mae_db": 0.1191549301147461,
  "test_threshold_rmse_db": 0.1191549301147461,
  "train_always_svd_rate": 3.748303387028042,
  "train_always_ucd_rate": 1.9296974861247256,
  "train_grid_decision_accuracy": 0.9722222222222222,
  "train_oracle_rate": 3.748319694954876,
  "train_regret_to_oracle": 1.6307926833825093e-05,
  "train_selected_rate": 3.748303387028042,
  "train_threshold_mae_db": 2.103317975997925,
  "train_threshold_rmse_db": 4.944797992706299
}