{
  "best_epoch": 1.0,
  "best_val_loss": 3.003574633453354e-08,
  "num_samples": 1.0,
  "num_test": 1.0,
  "num_train": 1.0,
  "num_val": 1.0,
  "test_always_svd_rate": 23.595991688767754,
  "test_always_ucd_rate": 24.20221274497875,
  "test_grid_decision_accuracy": 1.0,
  "test_oracle_rate": 25.468337463744106,
  "test_regret_to_oracle": 0.0,
  "test_selected_rate": 25.468337463744106,
  "test_threshold_mae_db": 0.0,
  "test_threshold_rmse_db": 0.0,
  "train_always_svd_rate": 23.595991688767754,
  "train_always_ucd_rate": 24.20221274497875,
  "train_grid_decision_accuracy": 1.0,
  "train_oracle_rate": 25.468337463744106,
  "train_regret_to_oracle": 0.0,
  "train_selected_rate": 25.468337463744106,
  "train_threshold_mae_db": 0.0,
  "train_threshold_rmse_db": 0.0
}