{
  "best_epoch": 4.0,
  "best_val_loss": 1.1883535385131836,
  "num_samples": 12.0,
  "num_test": 2.0,
  "num_train": 8.0,
  "num_val": 2.0,
  "test_always_svd_rate": 3.9920715926378,
  "test_always_ucd_rate": 2.0535662345535077,
  "test_grid_decision_accuracy": 0.5833333333333334,
  "test_oracle_rate": 3.9920715926378,
  "test_regret_to_oracle": 0.14164195382121272,
  "test_selected_rate": 3.8504296388165877,
  "test_threshold_mae_db": 5.719205379486084,
  "test_threshold_rmse_db": 7.3488264083862305,
  "train_always_svd_rate": 2.4766919961346034,
  "train_always_ucd_rate": 1.6275708295246138,
  "train_grid_decision_accuracy": 0.4375,
  "train_oracle_rate": 2.4776530675360067,
  "train_regret_to_oracle": 0.367837116866818,
  "train_selected_rate": 2.109815950669189,
  "train_threshold_mae_db": 3.539268732070923,
  "train_threshold_rmse_db": 5.315454483032227
}