channel_index,threshold_true_db,threshold_pred_db,split
0,12,10.893991,val
1,0.15944454,1.7795296,train
2,0.0037465589,11.093855,val
3,12,1.7074265,train
4,12,11.13999,train
5,0.56589508,1.7021332,train
6,12,10.895547,test
7,12,1.5109682,train
8,12,10.863955,train
9,3.0677662,1.3136749,train
10,12,10.973924,train
11,12,1.6660423,test
