{
  "best_epoch": 1.0,
  "best_val_loss": 1.0221618690353651e-11,
  "num_samples": 2.0,
  "num_test": 2.0,
  "num_train": 2.0,
  "num_val": 2.0,
  "test_always_svd_rate": 2.7182030572213876,
  "test_always_ucd_rate": 0.9971282084264678,
  "test_grid_decision_accuracy": 1.0,
  "test_oracle_rate": 2.7182030572213876,
  "test_regret_to_oracle": 0.0,
  "test_selected_rate": 2.7182030572213876,
  "test_threshold_mae_db": 0.0,
  "test_threshold_rmse_db": 0.0,
  "train_always_svd_rate": 2.7182030572213876,
  "train_always_ucd_rate": 0.9971282084264678,
  "train_grid_decision_accuracy": 1.0,
  "train_oracle_rate": 2.7182030572213876,
  "train_regret_to_oracle": 0.0,
  "train_selected_rate": 2.7182030572213876,
  "train_threshold_mae_db": 0.0,
  "train_threshold_rmse_db": 0.0
}