channel_index,snr_db,svd_rate,ucd_rate,delta_rate
0,0,1.7375447,1.4225248,-0.31501995
0,1,2.3915499,2.0174975,-0.3740524
0,2,3.1129866,2.5119776,-0.60100903
1,0,2.2028509,0,-2.2028509
1,1,3.0025504,0,-3.0025504
1,2,3.8617358,0.03076935,-3.8309664
