{
  "best_epoch": 113.0,
  "best_val_loss": 0.08337715268135071,
  "num_samples": 800.0,
  "num_test": 120.0,
  "num_train": 560.0,
  "num_val": 120.0,
  "test_always_svd_rate": 20.60122308116893,
  "test_always_ucd_rate": 20.829151061189183,
  "test_grid_decision_accuracy": 0.9876344086021506,
  "test_oracle_rate": 22.588963686507235,
  "test_regret_to_oracle": 0.005867436210602633,
  "test_selected_rate": 22.583096250296638,
  "test_threshold_mae_db": 0.3761579394340515,
  "test_threshold_rmse_db": 0.4592284858226776,
  "train_always_svd_rate": 20.2147056873885,
  "train_always_ucd_rate": 20.293447081527546,
  "train_grid_decision_accuracy": 0.9889400921658986,
  "train_oracle_rate": 22.06513069880697,
  "train_regret_to_oracle": 0.00489707134965787,
  "train_selected_rate": 22.060233627457308,
  "train_threshold_mae_db": 0.3448844254016876,
  "train_threshold_rmse_db": 0.435549795627594
}